Time Start,Time End,Frequency Start,Frequency End,Label
5.278494916246067,7.728275034745079,568.1023355684545,1375.1199217781414,
5.9708240801697,5.9708240801697,496.5697535213405,496.5697535213405,test 2
7.071449930509837,8.38510013898032,1229.9580660179322,4991.261781491112,
